start,end,scientific_name,common_name,confidence
0.000,3.000,"Cyanocitta cristata","Blue Jay",0.9815
3.000,6.000,"Cyanocitta cristata","Blue Jay",0.7950
6.000,9.000,"Cyanocitta cristata","Blue Jay",0.9807
9.000,12.000,"Cyanocitta cristata","Blue Jay",0.9658
12.000,15.000,"Cyanocitta cristata","Blue Jay",0.8910
15.000,18.000,"Cyanocitta cristata","Blue Jay",0.7914
18.000,21.000,"Cyanocitta cristata","Blue Jay",0.9921
21.000,24.000,"Cyanocitta cristata","Blue Jay",0.9872
27.000,30.000,"Cyanocitta cristata","Blue Jay",0.9073
27.000,30.000,"Buteo jamaicensis","Red-tailed Hawk",0.1385
30.000,33.000,"Cyanocitta cristata","Blue Jay",0.8210
33.000,36.000,"Pogoniulus scolopaceus","Speckled Tinkerbird",0.5129
39.000,42.000,"Cyanocitta cristata","Blue Jay",0.9302
42.000,45.000,"Cyanocitta cristata","Blue Jay",0.9751
48.000,51.000,"Cyanocitta cristata","Blue Jay",0.9046
51.000,54.000,"Cyanocitta cristata","Blue Jay",0.9771
54.000,57.000,"Cyanocitta cristata","Blue Jay",0.6651
63.000,66.000,"Cyanocitta cristata","Blue Jay",0.4516
66.000,69.000,"Cyanocitta cristata","Blue Jay",0.9563
69.000,72.000,"Cyanocitta cristata","Blue Jay",0.9835
75.000,78.000,"Cyanocitta cristata","Blue Jay",0.7129
75.000,78.000,"Leptosittaca branickii","Golden-plumed Parakeet",0.1638
75.000,78.000,"Calocitta formosa","White-throated Magpie-Jay",0.1050
81.000,84.000,"Cyanocitta cristata","Blue Jay",0.6372
81.000,84.000,"Leptosittaca branickii","Golden-plumed Parakeet",0.1451
87.000,90.000,"Cyanocitta cristata","Blue Jay",0.7386
90.000,93.000,"Cyanocitta cristata","Blue Jay",0.9635
93.000,96.000,"Cyanocitta cristata","Blue Jay",0.5307
96.000,99.000,"Cyanocitta cristata","Blue Jay",0.9735