"clements_name","ioc_name"
"Oressochen jubatus","Neochen jubata"
"Oressochen melanopterus","Chloephaga melanoptera"
"Grus carunculatus","Grus carunculata"
"Grus paradiseus","Grus paradisea"
"Rhinopomastus castaneiceps","Phoeniculus castaneiceps"
"Charmosyna multistriata","Synorhacma multistriata"
"Vini margarethae","Charmosynoides margarethae"
"Psitteuteles porphyrocephalus","Parvipsitta porphyrocephala"
"Psitteuteles pusillus","Parvipsitta pusilla"
"Chalcopsitta fuscata","Pseudeos fuscata"
"Chalcopsitta cardinalis","Pseudeos cardinalis"
"Trichoglossus concinnus","Glossopsitta concinna"
"Trichoglossus johnstoniae","Saudareos johnstoniae"
"Trichoglossus iris","Saudareos iris"
"Trichoglossus flavoviridis","Saudareos flavoviridis"
"Trichoglossus meyeri","Saudareos meyeri"
"Trichoglossus ornatus","Saudareos ornata"
"Trichoglossus reticulatus","Eos reticulata"
"Trichoglossus semilarvatus","Eos semilarvata"
"Trichoglossus borneus","Eos bornea"
"Trichoglossus cyanogenius","Eos cyanogenia"
"Trichoglossus histrio","Eos histrio"
"Trichoglossus squamatus","Eos squamata"
"Sylviorthorhynchus desmursii","Sylviorthorhynchus desmurii"
"Elaenia cherriei","Elaenia cherrei"
"Ochthoeca salvini","Tumbezia salvini"
"Empidonomus aurantioatrocristatus","Griseotyrannus aurantioatrocristatus"
"Protopelma chrysolophum","Neopelma chrysolophum"
"Lichmera lombokia","Sugomel lombokium"
"Meliphaga mimikae","Microptilotis mimikae"
"Meliphaga montana","Microptilotis montanus"
"Meliphaga orientalis","Microptilotis orientalis"
"Meliphaga albonotata","Microptilotis albonotatus"
"Meliphaga analoga","Microptilotis analogus"
"Meliphaga vicina","Microptilotis vicina"
"Meliphaga gracilis","Microptilotis gracilis"
"Meliphaga imitatrix","Microptilotis imitatrix"
"Meliphaga cinereifrons","Microptilotis cinereifrons"
"Meliphaga flavirictus","Microptilotis flavirictus"
"Meliphaga albilineata","Territornis albilineata"
"Meliphaga fordiana","Territornis fordiana"
"Meliphaga reticulata","Territornis reticulata"
"Meliphaga chrysogenys","Oreornis chrysogenys"
"Cyanocorax caeruleus","Cyanocorax coeruleus"
"Pica nuttalli","Pica nuttallii"
"Microtarsus eutilotus","Euptilotus eutilotus"
"Rubigula erythropthalmos","Ixodia erythropthalmos"
"Rubigula cyaniventris","Ixodia cyaniventris"
"Rubigula squamata","Ixodia squamata"
"Stiphrornis mabirae","Stiphrornis xanthogaster"
"Emblema modestum","Emblema modesta"
"Icterus bullockii","Icterus bullockiorum"
"Euthlypis lachrymosa","Basileuterus lachrymosus"
"Ramphocelus bresilius","Ramphocelus bresilia"
"Poospizopsis hypochondria","Poospizopsis hypocondria"
